timestamp,voltage,current,power,energy
2025-05-02 15:22:40.262605,205.0,0.07,14.0,0.01
2025-05-02 16:06:01.009735,24.0,0.07,1.0,0.0
2025-05-02 16:06:05.185630,24.0,0.07,1.0,0.0
2025-05-02 16:07:54.872956,24.0,0.07,1.0,0.0
2025-05-02 16:08:00.944610,24.0,0.07,1.0,0.0
2025-05-02 16:08:11.100737,24.0,0.07,1.0,0.0
2025-05-02 16:08:21.030138,24.0,0.07,1.0,0.0
2025-05-02 16:08:31.052833,24.0,0.07,1.0,0.0
2025-05-02 16:08:41.030094,24.0,0.07,1.0,0.0
2025-05-02 16:08:51.054294,24.0,0.07,1.0,0.0
2025-05-02 16:09:01.034486,24.0,0.07,1.0,0.0
2025-05-02 16:09:16.062280,24.0,0.07,1.0,0.0
2025-05-02 16:22:35.440217,24.0,0.07,1.0,0.0
2025-05-02 16:22:37.379770,24.0,0.07,1.0,0.0
2025-05-02 16:22:47.346591,24.0,0.07,1.0,0.0
2025-05-02 16:36:28.986270,24.0,0.07,1.0,0.0
2025-05-02 16:36:34.367174,24.0,0.07,1.0,0.0
2025-05-02 16:36:44.310605,24.0,0.07,1.0,0.0
2025-05-02 16:36:55.066129,24.0,0.07,1.0,0.0
2025-05-02 16:37:05.082282,24.0,0.07,1.0,0.0
2025-05-02 16:37:15.090464,24.0,0.07,1.0,0.0
2025-05-02 16:37:25.029909,24.0,0.07,1.0,0.0
2025-05-02 16:37:35.022761,24.0,0.07,1.0,0.0
2025-05-02 16:37:45.026708,24.0,0.07,1.0,0.0
2025-05-02 16:38:45.013810,24.0,0.07,1.0,0.0
2025-05-02 16:39:45.082017,24.0,0.07,1.0,0.0
2025-05-02 16:40:45.068295,24.0,0.07,1.0,0.0
2025-05-02 16:41:45.113916,24.0,0.07,1.0,0.0
2025-05-02 16:42:19.480849,24.0,0.07,1.0,0.0
2025-05-02 16:42:24.322843,24.0,0.07,1.0,0.0
2025-05-02 16:42:34.319180,24.0,0.07,1.0,0.0
2025-05-02 16:42:57.747384,24.0,0.07,1.0,0.0
2025-05-02 16:43:03.572517,24.0,0.07,1.0,0.0
2025-05-02 16:43:13.502595,24.0,0.07,1.0,0.0
2025-05-02 16:43:23.522505,24.0,0.07,1.0,0.0
2025-05-02 16:43:34.130088,24.0,0.07,1.0,0.0
2025-05-02 16:43:44.034530,24.0,0.07,1.0,0.0
2025-05-02 16:43:54.054815,24.0,0.07,1.0,0.0
2025-05-02 16:44:04.046609,24.0,0.07,1.0,0.0
2025-05-02 16:44:14.046697,24.0,0.07,1.0,0.0
2025-05-02 16:44:23.548475,24.0,0.07,1.0,0.0
2025-05-02 16:44:33.978295,24.0,0.07,1.0,0.0
2025-05-02 16:44:39.593830,24.0,0.07,1.0,0.0
2025-05-02 16:44:49.512297,24.0,0.07,1.0,0.0
2025-05-02 16:47:17.013604,24.0,0.07,1.0,0.0
2025-05-02 16:47:22.474882,24.0,0.07,1.0,0.0
2025-05-02 16:47:32.456327,24.0,0.07,1.0,0.0
2025-05-02 16:47:43.089670,24.0,0.07,1.0,0.0
2025-05-02 16:47:53.064266,24.0,0.07,1.0,0.0
2025-05-02 16:48:57.359461,24.0,0.07,1.0,0.0
2025-05-02 16:49:04.446959,24.0,0.07,1.0,0.0
2025-05-02 16:49:14.438594,24.0,0.07,1.0,0.0
2025-05-02 16:49:24.482394,24.0,0.07,1.0,0.0
2025-05-02 16:49:35.041702,24.0,0.07,1.0,0.0
2025-05-02 16:49:45.153755,24.0,0.07,1.0,0.0
2025-05-02 16:49:55.030533,24.0,0.07,1.0,0.0
2025-05-02 16:50:05.108101,24.0,0.07,1.0,0.0
2025-05-02 16:50:15.067438,24.0,0.07,1.0,0.0
2025-05-02 16:50:25.070561,24.0,0.07,1.0,0.0
2025-05-02 16:50:45.115638,24.0,0.07,1.0,0.0
2025-05-02 16:50:58.667816,24.0,0.07,1.0,0.0
2025-05-02 16:51:03.432360,24.0,0.07,1.0,0.0
2025-05-02 16:51:13.385272,24.0,0.07,1.0,0.0
2025-05-02 16:51:23.428740,24.0,0.07,1.0,0.0
2025-05-02 16:51:33.455145,24.0,0.07,50.0,0.0
2025-05-02 16:51:43.398293,24.0,0.07,50.0,0.5
2025-05-02 16:51:53.397003,24.0,0.07,50.0,0.5
2025-05-02 16:52:03.395484,24.0,0.07,75.0,0.5
2025-05-02 16:52:13.402914,24.0,0.07,75.0,0.5
2025-05-02 16:52:23.344967,24.0,0.07,75.0,0.5
2025-05-02 16:53:41.772473,24.0,0.07,75.0,0.5
2025-05-02 16:53:49.036935,24.0,0.07,75.0,0.5
2025-05-02 16:53:58.803352,24.0,0.07,75.0,0.5
2025-05-02 16:54:08.734609,24.0,0.07,75.0,0.5
2025-05-02 16:54:18.672204,24.0,0.07,75.0,0.0
2025-05-02 16:54:28.710215,24.0,0.07,75.0,0.0
2025-05-02 16:54:38.762483,24.0,0.07,75.0,0.0
2025-05-02 16:54:48.709499,24.0,0.07,75.0,0.0
2025-05-02 16:54:58.697695,24.0,0.07,75.0,0.0
2025-05-02 16:55:08.725945,24.0,0.07,75.0,0.0
2025-05-02 16:55:18.675417,24.0,0.07,75.0,0.0
2025-05-02 16:55:28.660570,24.0,0.07,75.0,0.0
2025-05-02 16:55:38.717357,24.0,0.07,75.0,0.0
2025-05-02 16:55:48.717171,24.0,0.07,75.0,0.0
2025-05-02 16:55:58.679831,24.0,0.07,75.0,0.0
2025-05-02 16:56:08.679794,24.0,0.07,75.0,0.0
2025-05-02 16:56:18.659927,24.0,0.07,75.0,0.0
2025-05-02 16:56:28.666700,24.0,0.07,75.0,0.0
2025-05-02 16:56:38.700453,24.0,0.07,75.0,0.0
2025-05-02 16:56:48.678287,24.0,0.07,75.0,0.0
2025-05-02 16:56:58.888446,24.0,0.07,75.0,0.0
2025-05-02 16:57:08.678167,24.0,0.07,75.0,0.0
2025-05-02 16:57:18.669144,24.0,0.07,75.0,0.0
2025-05-02 16:57:28.806657,24.0,0.07,75.0,0.0
2025-05-02 16:57:38.751464,24.0,0.07,75.0,0.0
2025-05-02 16:57:48.676669,24.0,0.07,75.0,0.0
2025-05-02 16:57:58.713402,24.0,0.07,75.0,0.0
2025-05-02 16:58:08.728500,24.0,0.07,30.0,0.0
2025-05-02 16:58:17.563391,24.0,0.07,30.0,0.0
2025-05-02 16:58:24.612435,24.0,0.07,30.0,0.0
2025-05-02 16:58:34.648570,24.0,0.07,30.0,0.0
2025-05-02 16:58:44.640782,24.0,0.07,30.0,0.0
2025-05-02 16:58:54.654021,24.0,0.07,25.0,0.0
2025-05-02 16:59:04.703856,24.0,0.07,30.0,0.0
2025-05-02 16:59:14.650142,24.0,0.07,30.0,0.0
2025-05-02 16:59:24.638868,24.0,0.07,30.0,0.0
2025-05-02 16:59:34.648956,24.0,0.07,30.0,0.0
2025-05-02 16:59:44.666276,24.0,0.07,25.0,0.0
2025-05-02 16:59:54.625600,24.0,0.07,75.0,0.0
2025-05-02 17:00:04.668824,24.0,0.07,75.0,0.0
2025-05-02 17:00:14.661004,24.0,0.07,25.0,0.0
2025-05-02 17:00:24.676189,24.0,0.07,30.0,0.0
2025-05-02 17:58:00.706283,207.0,0.08,16.0,0.02
2025-05-02 17:58:08.785039,207.0,0.08,16.0,0.02
2025-05-02 18:04:40.963799,207.0,0.08,16.0,0.02
2025-05-02 18:04:43.648075,207.0,0.08,16.0,0.02
2025-05-02 18:04:53.623097,207.0,0.08,16.0,0.02
2025-05-02 18:05:03.642609,207.0,0.08,16.0,0.02
2025-05-02 18:05:14.291226,207.0,0.08,16.0,0.02
2025-05-02 18:05:24.178660,207.0,0.08,16.0,0.02
2025-05-02 18:05:34.137261,207.0,0.08,16.0,0.02
2025-05-02 18:05:44.136607,207.0,0.08,16.0,0.02
2025-05-02 18:05:54.203269,207.0,0.08,16.0,0.02
2025-05-02 18:06:04.206966,207.0,0.08,16.0,0.02
2025-05-02 18:06:45.265433,207.0,0.08,16.0,0.02
2025-05-02 18:47:05.502837,207.0,0.08,16.0,0.02
2025-05-02 20:05:45.490735,207.0,0.08,16.0,0.02
2025-05-02 20:06:45.129554,207.0,0.08,16.0,0.02
2025-05-02 20:22:44.297603,207.0,0.08,16.0,0.02
2025-05-02 20:22:54.062749,207.0,0.08,16.0,0.02
2025-05-02 20:23:04.101642,207.0,0.08,16.0,0.02
2025-05-02 20:23:14.059233,207.0,0.08,16.0,0.02
2025-05-02 20:23:24.062583,207.0,0.08,16.0,0.02
2025-05-02 20:23:45.085447,207.0,0.08,16.0,0.02
2025-05-02 20:24:14.460452,207.0,0.08,16.0,0.02
2025-05-02 20:54:43.871836,207.0,0.08,16.0,0.02
2025-05-02 21:03:26.775467,207.0,0.08,16.0,0.0
2025-05-02 23:25:21.712343,207.0,0.08,16.0,0.0
2025-05-02 23:25:21.946201,207.0,0.08,16.0,0.0
2025-05-02 23:25:31.666894,207.0,0.08,16.0,0.0
2025-05-02 23:25:42.062536,207.0,0.08,16.0,0.0
2025-05-02 23:25:51.975360,207.0,0.08,16.0,0.0
2025-05-02 23:26:02.014837,207.0,0.08,16.0,0.0
2025-05-02 23:26:12.055690,207.0,0.08,16.0,0.0
2025-05-02 23:26:21.985630,207.0,0.08,16.0,0.0
2025-05-02 23:26:32.035120,207.0,0.08,16.0,0.0
2025-05-02 23:26:45.004921,207.0,0.08,16.0,0.0
2025-05-02 23:27:26.127277,207.0,0.08,16.0,0.0
2025-05-02 23:27:33.443543,207.0,0.08,16.0,0.0
2025-05-02 23:27:39.286011,207.0,0.08,16.0,0.0
2025-05-02 23:27:49.294779,207.0,0.08,16.0,0.0
2025-05-02 23:28:00.112677,207.0,0.08,16.0,0.0
2025-05-02 23:28:10.020388,207.0,0.08,16.0,0.0
2025-05-02 23:28:20.021717,207.0,0.08,16.0,0.0
2025-05-02 23:28:29.995727,207.0,0.08,16.0,0.0
2025-05-02 23:28:40.027836,207.0,0.08,16.0,0.0
2025-05-02 23:28:50.043427,207.0,0.08,16.0,0.0
2025-05-02 23:29:16.901297,207.0,0.08,16.0,0.0
2025-05-02 23:29:19.259564,207.0,0.08,16.0,0.0
2025-05-02 23:29:30.025818,207.0,0.08,16.0,0.0
2025-05-02 23:29:40.148080,207.0,0.08,16.0,0.0
2025-05-02 23:29:50.072801,207.0,0.08,16.0,0.0
2025-05-02 23:30:00.075335,207.0,0.08,16.0,0.0
2025-05-02 23:30:10.007980,207.0,0.08,16.0,0.0
2025-05-02 23:30:20.012339,207.0,0.08,16.0,0.0
2025-05-02 23:30:45.014656,207.0,0.08,16.0,0.0
2025-05-02 23:31:45.028302,207.0,0.08,16.0,0.0
2025-05-02 23:32:04.059089,207.0,0.08,16.0,0.0
2025-05-02 23:32:09.456284,207.0,0.08,16.0,0.0
2025-05-02 23:32:16.221716,207.0,0.08,16.0,0.0
2025-05-02 23:32:27.075848,207.0,0.08,16.0,0.0
2025-05-02 23:32:37.007488,207.0,0.08,16.0,0.0
2025-05-02 23:32:46.993557,207.0,0.08,16.0,0.0
2025-05-02 23:32:57.052490,207.0,0.08,16.0,0.0
2025-05-02 23:33:07.051899,207.0,0.08,16.0,0.0
2025-05-02 23:33:20.101323,207.0,0.08,16.0,0.0
2025-05-02 23:33:26.755039,207.0,0.08,16.0,0.0
2025-05-02 23:33:36.796205,207.0,0.08,16.0,0.0
2025-05-02 23:33:46.720576,207.0,0.08,16.0,0.0
2025-05-02 23:33:56.755774,207.0,0.08,16.0,0.0
2025-05-02 23:34:04.928119,207.0,0.08,16.0,0.0
2025-05-02 23:34:06.737172,207.0,0.08,16.0,0.0
2025-05-02 23:34:17.140724,207.0,0.08,16.0,0.0
2025-05-02 23:34:27.051290,207.0,0.08,16.0,0.0
2025-05-02 23:34:37.062580,207.0,0.08,16.0,0.0
2025-05-02 23:34:47.048113,207.0,0.08,16.0,0.0
2025-05-02 23:34:57.047031,207.0,0.08,16.0,0.0
2025-05-02 23:35:07.051471,207.0,0.08,16.0,0.0
2025-05-02 23:35:27.805401,207.0,0.08,16.0,0.0
2025-05-02 23:35:36.690136,207.0,0.08,16.0,0.0
2025-05-02 23:35:47.030762,207.0,0.08,16.0,0.0
2025-05-02 23:35:57.289026,207.0,0.08,16.0,0.0
2025-05-02 23:36:07.087003,207.0,0.08,16.0,0.0
2025-05-02 23:36:17.028126,207.0,0.08,16.0,0.0
2025-05-02 23:36:27.012445,207.0,0.08,16.0,0.0
2025-05-02 23:36:37.012893,207.0,0.08,16.0,0.0
2025-05-02 23:36:52.798812,207.0,0.08,16.0,0.0
2025-05-02 23:36:56.721957,207.0,0.08,16.0,0.0
2025-05-02 23:37:03.512614,207.0,0.08,16.0,0.0
2025-05-02 23:37:09.122353,207.0,0.08,16.0,0.0
2025-05-02 23:37:20.225207,207.0,0.08,16.0,0.0
2025-05-02 23:37:29.109251,207.0,0.08,16.0,0.0
2025-05-02 23:37:40.025373,207.0,0.08,16.0,0.0
2025-05-02 23:37:50.012959,207.0,0.08,16.0,0.0
2025-05-02 23:38:00.021935,207.0,0.08,16.0,0.0
2025-05-02 23:38:10.028212,207.0,0.08,16.0,0.0
2025-05-02 23:38:20.078952,207.0,0.08,16.0,0.0
2025-05-02 23:38:30.024973,207.0,0.08,16.0,0.0
2025-05-02 23:38:40.094196,207.0,0.08,16.0,0.0
2025-05-02 23:38:50.062763,207.0,0.08,16.0,0.0
2025-05-02 23:38:59.990210,207.0,0.08,16.0,0.0
2025-05-02 23:39:10.029001,207.0,0.08,16.0,0.0
2025-05-02 23:39:24.350964,207.0,0.08,16.0,0.0
2025-05-02 23:39:28.375129,207.0,0.08,16.0,0.0
2025-05-02 23:39:36.245234,207.0,0.08,16.0,0.0
2025-05-02 23:39:46.260994,207.0,0.08,16.0,0.0
2025-05-02 23:39:57.078597,207.0,0.08,16.0,0.0
2025-05-02 23:40:06.251066,207.0,0.08,16.0,0.0
2025-05-02 23:40:26.227630,207.0,0.08,16.0,0.0
2025-05-02 23:40:30.705562,207.0,0.08,16.0,0.0
2025-05-02 23:40:40.735169,207.0,0.08,16.0,0.0
2025-05-02 23:40:50.691042,207.0,0.08,16.0,0.0
2025-05-02 23:41:00.676897,207.0,0.08,16.0,0.0
2025-05-02 23:41:11.101812,207.0,0.08,16.0,0.0
2025-05-02 23:41:21.025741,207.0,0.08,16.0,0.0
2025-05-02 23:41:30.997561,207.0,0.08,16.0,0.0
2025-05-02 23:41:41.012973,207.0,0.08,16.0,0.0
2025-05-02 23:41:51.033698,207.0,0.08,16.0,0.0
2025-05-02 23:42:01.043845,207.0,0.08,16.0,0.0
2025-05-02 23:42:11.012960,207.0,0.08,16.0,0.0
2025-05-02 23:42:21.125368,207.0,0.08,16.0,0.0
2025-05-02 23:42:44.981806,207.0,0.08,16.0,0.0
2025-05-02 23:43:45.005803,207.0,0.08,16.0,0.0
2025-05-02 23:44:27.403265,207.0,0.08,16.0,0.0
2025-05-02 23:44:48.105289,207.0,0.08,16.0,0.0
2025-05-02 23:44:48.793088,207.0,0.08,16.0,0.0
2025-05-02 23:44:59.075430,207.0,0.08,16.0,0.0
2025-05-02 23:45:09.061227,207.0,0.08,16.0,0.0
2025-05-02 23:45:19.076942,207.0,0.08,16.0,0.0
2025-05-02 23:45:29.222659,207.0,0.08,16.0,0.0
2025-05-02 23:45:39.041894,207.0,0.08,16.0,0.0
2025-05-02 23:45:49.063283,207.0,0.08,16.0,0.0
2025-05-02 23:46:45.023042,207.0,0.08,16.0,0.0
2025-05-02 23:47:24.688738,207.0,0.08,16.0,0.0
2025-05-02 23:50:42.712766,207.0,0.08,16.0,0.0
2025-05-02 23:50:45.438714,207.0,0.08,16.0,0.0
2025-05-02 23:50:56.375685,207.0,0.08,16.0,0.0
2025-05-02 23:51:06.025570,207.0,0.08,16.0,0.0
2025-05-02 23:51:16.043017,207.0,0.08,16.0,0.0
2025-05-02 23:51:26.025490,207.0,0.08,16.0,0.0
2025-05-02 23:51:36.043695,207.0,0.08,16.0,0.0
2025-05-02 23:51:46.012491,207.0,0.08,16.0,0.0
2025-05-02 23:52:45.066728,207.0,0.08,16.0,0.0
2025-05-02 23:53:45.182341,207.0,0.08,16.0,0.0
2025-05-02 23:54:07.305252,207.0,0.08,16.0,0.0
2025-05-02 23:55:26.981759,207.0,0.08,16.0,0.0
2025-05-02 23:55:30.808714,207.0,0.08,16.0,0.0
2025-05-02 23:55:41.075546,207.0,0.08,16.0,0.0
2025-05-02 23:55:51.015741,207.0,0.08,16.0,0.0
2025-05-02 23:56:01.005444,207.0,0.08,16.0,0.0
2025-05-02 23:56:10.997832,207.0,0.08,16.0,0.0
2025-05-02 23:56:21.030284,207.0,0.08,16.0,0.0
2025-05-02 23:56:31.030492,207.0,0.08,16.0,0.0
2025-05-02 23:56:45.041878,207.0,0.08,16.0,0.0
2025-05-02 23:56:54.039440,207.0,0.08,16.0,0.0
2025-05-02 23:57:00.648302,207.0,0.08,16.0,0.0
2025-05-02 23:57:10.683642,207.0,0.08,16.0,0.0
2025-05-02 23:57:20.612597,207.0,0.08,16.0,0.0
2025-05-02 23:57:31.093508,207.0,0.08,16.0,0.0
2025-05-02 23:57:41.032127,207.0,0.08,16.0,0.0
2025-05-02 23:57:51.112622,207.0,0.08,16.0,0.0
2025-05-02 23:58:01.025351,207.0,0.08,16.0,0.0
2025-05-02 23:58:10.978441,207.0,0.08,16.0,0.0
2025-05-02 23:58:21.034399,207.0,0.08,16.0,0.0
2025-05-02 23:58:44.972973,207.0,0.08,16.0,0.0
2025-05-02 23:59:27.262823,207.0,0.08,16.0,0.0
2025-05-02 23:59:39.705198,207.0,0.08,16.0,0.0
2025-05-02 23:59:49.993459,207.0,0.08,16.0,0.0
2025-05-03 00:00:00.043544,207.0,0.08,16.0,0.0
2025-05-03 00:00:10.007851,207.0,0.08,16.0,0.0
2025-05-03 00:00:20.016664,207.0,0.08,16.0,0.0
2025-05-03 00:00:30.021384,207.0,0.08,16.0,0.0
2025-05-03 00:00:39.731347,207.0,0.08,16.0,0.0
2025-05-03 00:00:51.305174,207.0,0.08,16.0,0.0
2025-05-03 00:01:01.286993,207.0,0.08,16.0,0.0
2025-05-03 00:01:02.222546,207.0,0.08,16.0,0.0
2025-05-03 00:01:11.289518,207.0,0.08,16.0,0.0
2025-05-03 00:01:21.309485,207.0,0.08,16.0,0.0
2025-05-03 00:01:26.960979,207.0,0.08,16.0,0.0
2025-05-03 00:01:34.189877,207.0,0.08,16.0,0.0
2025-05-03 00:01:45.212720,207.0,0.08,16.0,0.0
2025-05-03 00:01:55.070113,207.0,0.08,16.0,0.0
2025-05-03 00:02:05.093015,207.0,0.08,16.0,0.0
2025-05-03 00:02:15.056985,207.0,0.08,16.0,0.0
2025-05-03 00:02:25.001498,207.0,0.08,16.0,0.0
2025-05-03 00:02:45.058006,207.0,0.08,16.0,0.0
2025-05-03 00:03:45.005119,207.0,0.08,16.0,0.0
2025-05-03 00:04:44.984374,207.0,0.08,16.0,0.0
2025-05-03 00:07:28.179888,207.0,0.08,16.0,0.0
2025-05-03 00:19:37.187746,207.0,0.08,16.0,0.0
2025-05-03 00:19:47.216769,207.0,0.08,16.0,0.0
2025-05-03 00:19:57.201053,207.0,0.08,16.0,0.0
2025-05-03 00:20:07.204966,207.0,0.08,16.0,0.0
2025-05-03 00:20:17.191730,207.0,0.08,16.0,0.0
2025-05-03 00:20:27.205112,207.0,0.08,16.0,0.0
2025-05-03 00:20:37.248419,207.0,0.08,16.0,0.0
2025-05-03 00:20:47.205704,207.0,0.08,16.0,0.0
2025-05-03 00:20:57.209497,207.0,0.08,16.0,0.0
2025-05-03 00:21:07.233606,207.0,0.08,16.0,0.0
2025-05-03 00:21:17.205317,207.0,0.08,16.0,0.0
2025-05-03 00:21:27.211190,207.0,0.08,16.0,0.0
2025-05-03 00:21:37.209333,207.0,0.08,16.0,0.0
2025-05-03 03:31:17.963066,207.0,0.08,16.0,0.0
2025-05-03 03:31:26.570095,207.0,0.08,16.0,0.0
2025-05-03 03:31:27.750855,207.0,0.08,16.0,0.0
2025-05-03 03:31:37.801269,207.0,0.08,16.0,0.0
2025-05-03 03:31:47.879361,207.0,0.08,16.0,0.0
2025-05-03 03:31:57.875472,0.0,0.08,16.0,0.0
2025-05-03 03:32:07.829704,0.0,0.08,16.0,0.0
2025-05-03 03:32:17.783332,0.0,0.08,16.0,0.0
2025-05-03 03:32:27.872235,0.0,0.08,16.0,0.0
2025-05-03 03:32:37.866305,0.0,0.08,100.0,0.0
2025-05-03 03:32:47.830284,0.0,0.08,100.0,0.0
2025-05-03 03:32:55.127550,0.0,0.08,100.0,0.0
2025-05-03 03:33:05.121965,0.0,0.08,100.0,0.0
2025-05-03 03:33:15.101553,0.0,0.08,100.0,0.0
2025-05-03 03:33:25.213908,0.0,0.08,100.0,0.0
2025-05-03 03:33:35.871841,0.0,0.08,100.0,0.0
2025-05-03 03:33:45.065936,0.0,0.08,100.0,0.0
2025-05-03 03:33:55.085963,0.0,0.08,100.0,0.0
2025-05-03 03:34:05.827731,0.0,0.08,100.0,0.0
2025-05-03 03:34:15.133465,0.0,0.08,100.0,0.0
2025-05-03 03:34:25.105876,0.0,0.08,100.0,0.0
2025-05-03 03:34:35.133219,0.0,0.08,100.0,0.0
2025-05-03 03:34:45.044294,0.0,0.08,100.0,0.0
2025-05-03 03:34:55.063218,0.0,0.08,100.0,0.0
2025-05-03 03:35:05.153158,0.0,0.08,100.0,0.0
2025-05-03 03:35:15.102211,0.0,0.08,100.0,0.0
2025-05-03 03:35:25.825346,0.0,0.08,100.0,0.0
2025-05-03 03:35:35.875601,0.0,0.08,100.0,0.0
2025-05-03 03:35:45.822350,0.0,0.08,100.0,0.0
2025-05-03 03:35:55.913461,0.0,0.08,100.0,0.0
2025-05-03 03:36:05.893164,0.0,0.08,100.0,0.0
2025-05-03 03:36:15.833838,0.0,0.08,100.0,0.0
2025-05-03 03:36:25.821666,0.0,0.08,100.0,0.0
2025-05-03 03:36:39.915373,0.0,0.08,100.0,0.0
2025-05-03 03:37:39.886469,0.0,0.08,100.0,0.0
2025-05-03 03:38:39.863680,0.0,0.08,100.0,0.0
2025-05-03 03:39:12.497405,0.0,0.08,100.0,0.0
2025-05-03 03:39:15.625427,0.0,0.08,100.0,0.0
2025-05-03 03:39:18.843430,0.0,0.08,100.0,0.0
2025-05-03 03:39:23.534524,0.0,0.08,100.0,0.0
2025-05-03 03:39:31.075913,0.0,0.08,100.0,0.0
2025-05-03 03:39:33.005325,0.0,0.08,100.0,0.0
2025-05-03 03:39:37.451978,0.0,0.08,100.0,0.0
2025-05-03 03:39:47.463141,0.0,0.08,100.0,0.0
2025-05-03 03:39:57.847764,0.0,0.08,100.0,0.0
2025-05-03 03:40:07.862652,0.0,0.08,100.0,0.0
2025-05-03 03:40:17.864747,0.0,0.08,100.0,0.0
2025-05-03 03:40:27.845807,0.0,0.08,100.0,0.0
2025-05-03 03:40:37.828166,0.0,0.08,100.0,0.0
2025-05-03 03:40:47.860849,0.0,0.08,100.0,0.0
2025-05-03 03:41:16.475321,0.0,0.08,100.0,0.0
2025-05-03 03:41:17.382919,0.0,0.08,100.0,0.0
2025-05-03 03:41:19.316825,0.0,0.08,100.0,0.0
2025-05-03 03:41:25.226434,0.0,0.08,100.0,0.0
2025-05-03 03:41:26.379527,0.0,0.08,100.0,0.0
2025-05-03 03:41:36.843416,0.0,0.08,100.0,0.0
2025-05-03 03:41:46.905797,0.0,0.08,100.0,0.0
2025-05-03 03:41:56.917525,0.0,0.08,100.0,0.0
2025-05-03 03:42:06.873839,0.0,0.08,100.0,0.0
2025-05-03 03:42:16.855425,0.0,0.08,100.0,0.0
2025-05-03 03:42:26.822267,0.0,0.08,100.0,0.0
2025-05-03 03:42:39.876101,0.0,0.08,100.0,0.0
2025-05-03 03:43:39.894165,0.0,0.08,100.0,0.0
2025-05-03 03:44:39.858097,0.0,0.08,100.0,0.0
2025-05-03 03:45:28.887585,0.0,0.08,100.0,0.0
2025-05-03 03:52:48.443078,0.0,0.08,100.0,0.0
2025-05-03 03:52:57.487364,0.0,0.08,100.0,0.0
2025-05-03 03:53:06.797830,0.0,0.08,100.0,0.0
2025-05-03 03:53:16.862685,0.0,0.08,100.0,0.0
2025-05-03 03:53:26.825457,0.0,0.08,100.0,0.0
2025-05-03 03:53:36.829796,0.0,0.08,100.0,0.0
2025-05-03 03:53:46.797394,0.0,0.08,100.0,0.0
2025-05-03 03:53:56.840788,0.0,0.08,100.0,0.0
2025-05-03 03:54:06.827585,0.0,0.08,100.0,0.0
2025-05-03 03:54:16.804842,0.0,0.08,100.0,0.0
2025-05-03 03:54:26.859736,0.0,0.08,100.0,0.0
2025-05-03 03:54:36.828241,0.0,0.08,100.0,0.0
2025-05-03 03:54:46.834130,0.0,0.08,100.0,0.0
2025-05-03 03:54:56.812658,0.0,0.08,100.0,0.0
2025-05-03 03:55:06.831234,0.0,0.08,100.0,0.0
2025-05-03 03:55:16.830694,0.0,0.08,100.0,0.0
2025-05-03 03:55:26.772861,0.0,0.08,100.0,0.0
2025-05-03 03:55:36.779424,0.0,0.08,100.0,0.0
2025-05-03 03:55:46.805582,0.0,0.08,100.0,0.0
2025-05-03 03:55:56.817933,0.0,0.08,100.0,0.0
2025-05-03 03:56:06.947783,0.0,0.08,100.0,0.0
2025-05-03 03:56:16.875425,0.0,0.08,100.0,0.0
2025-05-03 03:56:26.875581,0.0,0.08,100.0,0.0
2025-05-03 03:56:36.847609,0.0,0.08,100.0,0.0
2025-05-03 03:56:46.808294,0.0,0.08,100.0,0.0
2025-05-03 03:56:56.835428,0.0,0.08,100.0,0.0
2025-05-03 03:57:39.847892,0.0,0.08,100.0,0.0
2025-05-03 03:58:04.939647,0.0,0.08,100.0,0.0
2025-05-03 03:58:06.799748,0.0,0.08,100.0,0.0
2025-05-03 03:58:08.383584,0.0,0.08,100.0,0.0
2025-05-03 03:58:18.925676,0.0,0.08,100.0,0.0
2025-05-03 03:58:28.847807,0.0,0.08,100.0,0.0
2025-05-03 03:58:38.864233,0.0,0.08,100.0,0.0
2025-05-03 03:58:48.882245,0.0,0.08,100.0,0.0
2025-05-03 03:58:58.815698,0.0,0.08,100.0,0.0
2025-05-03 03:59:08.925473,0.0,0.08,100.0,0.0
2025-05-03 03:59:39.860886,0.0,0.08,100.0,0.0
2025-05-03 04:00:21.835017,0.0,0.08,100.0,0.0
2025-05-03 04:00:27.105290,0.0,0.08,100.0,0.0
2025-05-03 04:00:32.514506,0.0,0.08,100.0,0.0
2025-05-03 04:00:42.798012,0.0,0.08,100.0,0.0
2025-05-03 04:00:52.833591,0.0,0.08,100.0,0.0
2025-05-03 04:01:02.828385,0.0,0.08,100.0,0.0
2025-05-03 04:01:12.805653,0.0,0.08,100.0,0.0
2025-05-03 04:01:22.862648,0.0,0.08,100.0,0.0
2025-05-03 04:01:32.916858,0.0,0.08,100.0,0.0
2025-05-03 04:02:39.884103,0.0,0.08,100.0,0.0
2025-05-03 04:02:45.826104,0.0,0.08,100.0,0.0
2025-05-03 04:02:49.036908,0.0,0.08,100.0,0.0
2025-05-03 04:02:52.162209,0.0,0.08,100.0,0.0
2025-05-03 04:03:02.175299,0.0,0.08,100.0,0.0
2025-05-03 04:03:13.005412,0.0,0.08,100.0,0.0
2025-05-03 04:03:23.504498,0.0,0.08,100.0,0.0
2025-05-03 04:03:32.803893,0.0,0.08,100.0,0.0
2025-05-03 04:03:42.875776,0.0,0.08,100.0,0.0
2025-05-03 04:03:52.816489,0.0,0.08,100.0,0.0
2025-05-03 04:04:26.187134,0.0,0.08,100.0,0.0
2025-05-03 04:04:29.501518,0.0,0.08,100.0,0.0
2025-05-03 04:04:45.483012,0.0,0.08,100.0,0.0
2025-05-03 04:04:55.777937,0.0,0.08,100.0,0.0
2025-05-03 04:05:05.830144,0.0,0.08,100.0,0.0
2025-05-03 04:05:15.809278,0.0,0.08,100.0,0.0
2025-05-03 04:05:25.843688,0.0,0.08,100.0,0.0
2025-05-03 04:05:35.805768,0.0,0.08,100.0,0.0
2025-05-03 04:05:45.830238,0.0,0.08,100.0,0.0
2025-05-03 04:05:56.575207,0.0,0.08,100.0,0.0
2025-05-03 04:06:06.569772,0.0,0.08,100.0,0.0
2025-05-03 04:06:16.605646,0.0,0.08,100.0,0.0
2025-05-03 04:06:26.604529,0.0,0.08,100.0,0.0
2025-05-03 04:06:36.824326,0.0,0.08,100.0,0.0
2025-05-03 04:06:46.831887,0.0,0.08,100.0,0.0
2025-05-03 04:06:56.800079,0.0,0.08,100.0,0.0
2025-05-03 04:07:06.812801,0.0,0.08,100.0,0.0
2025-05-03 04:07:16.851315,0.0,0.08,100.0,0.0
2025-05-03 04:07:26.801238,0.0,0.08,100.0,0.0
2025-05-03 04:07:39.815309,0.0,0.08,100.0,0.0
2025-05-03 04:07:46.575720,0.0,0.08,100.0,0.0
2025-05-03 04:07:48.235969,0.0,0.08,100.0,0.0
2025-05-03 04:09:22.034993,0.0,0.08,100.0,0.0
2025-05-03 04:09:32.827714,0.0,0.08,100.0,0.0
2025-05-03 04:09:42.805904,0.0,0.08,100.0,0.0
2025-05-03 04:09:52.822366,0.0,0.08,100.0,0.0
2025-05-03 04:10:02.812436,0.0,0.08,100.0,0.0
2025-05-03 04:10:13.015784,0.0,0.08,100.0,0.0
2025-05-03 04:10:22.992572,0.0,0.08,100.0,0.0
2025-05-03 04:10:40.025831,0.0,0.08,100.0,0.0
2025-05-03 04:11:24.063778,0.0,0.08,100.0,0.0
2025-05-03 04:11:26.442992,0.0,0.08,100.0,0.0
2025-05-03 04:11:36.455107,0.0,0.08,100.0,0.0
2025-05-03 04:11:46.801100,0.0,0.08,0.0,0.0
2025-05-03 04:11:56.439328,0.0,0.08,0.0,0.0
2025-05-03 04:12:07.055992,0.0,0.08,0.0,0.0
2025-05-03 04:12:17.030090,0.0,0.08,0.0,0.0
2025-05-03 04:12:27.029435,0.0,0.08,0.0,0.0
2025-05-03 04:12:36.989551,0.0,0.08,0.0,0.0
2025-05-03 04:12:47.012620,0.0,0.08,0.0,0.0
2025-05-03 04:12:57.007317,0.0,0.08,0.0,0.0
2025-05-03 04:13:40.042608,0.0,0.08,0.0,0.0
2025-05-03 04:13:54.237147,0.0,0.08,0.0,0.0
2025-05-03 04:13:56.705068,0.0,0.08,0.0,0.0
2025-05-03 04:14:06.713130,0.0,0.08,0.0,0.0
2025-05-03 04:14:16.701575,0.0,0.08,0.0,0.0
2025-05-03 04:14:27.062845,0.0,0.08,0.0,0.0
2025-05-03 04:14:37.043220,0.0,0.08,0.0,0.0
2025-05-03 04:14:47.012611,0.0,0.08,0.0,0.0
2025-05-03 04:14:57.055066,0.0,0.08,0.0,0.0
2025-05-03 04:15:06.701239,0.0,0.08,0.0,0.0
2025-05-03 04:15:17.020280,0.0,0.08,0.0,0.0
2025-05-03 04:15:27.051982,0.0,0.08,0.0,0.0
2025-05-03 04:15:37.055520,0.0,0.08,0.0,0.0
2025-05-03 04:15:47.026575,0.0,0.08,0.0,0.0
2025-05-03 04:15:49.742407,0.0,0.08,0.0,0.0
2025-05-03 04:15:53.705954,0.0,0.08,0.0,0.0
2025-05-03 04:16:00.055671,0.0,0.08,0.0,0.0
2025-05-03 04:16:10.025409,0.0,0.08,0.0,0.0
2025-05-03 04:16:20.043549,0.0,0.08,0.0,0.0
2025-05-03 04:16:29.770313,0.0,0.08,0.0,0.0
2025-05-03 04:16:39.775713,0.0,0.08,0.0,0.0
2025-05-03 04:16:49.505490,0.0,0.08,0.0,0.0
2025-05-03 04:16:58.502947,0.0,0.08,0.0,0.0
2025-05-03 04:16:59.462271,0.0,0.08,0.0,0.0
2025-05-03 04:17:09.472175,0.0,0.08,0.0,0.0
2025-05-03 04:17:19.480171,0.0,0.08,0.0,0.0
2025-05-03 04:17:29.475143,0.0,0.08,0.0,0.0
2025-05-03 04:17:39.476211,0.0,0.08,0.0,0.0
2025-05-03 04:17:49.497787,0.0,0.08,0.0,0.0
2025-05-03 04:17:59.473310,0.0,0.08,0.0,0.0
2025-05-03 04:18:09.479816,0.0,0.08,0.0,0.0
2025-05-03 04:18:19.463676,0.0,0.08,0.0,0.0
2025-05-03 04:18:29.469082,0.0,0.08,0.0,0.0
2025-05-03 04:18:39.523866,0.0,0.08,0.0,0.0
2025-05-03 04:18:49.476119,0.0,0.08,0.0,0.0
2025-05-03 04:18:59.465629,0.0,0.08,0.0,0.0
2025-05-03 04:19:09.477971,0.0,0.08,0.0,0.0
2025-05-03 04:19:19.125724,0.0,0.08,0.0,0.0
2025-05-03 04:19:29.128542,0.0,0.08,0.0,0.0
2025-05-03 04:19:39.133305,0.0,0.08,0.0,0.0
2025-05-03 04:24:14.985495,0.0,0.08,0.0,0.0
2025-05-03 04:24:24.998503,0.0,0.08,0.0,0.0
2025-05-03 04:24:34.975759,0.0,0.08,0.0,0.0
2025-05-03 04:24:44.975402,0.0,0.08,0.0,0.0
2025-05-03 04:24:54.980349,0.0,0.08,0.0,0.0
2025-05-03 04:27:10.792953,0.0,0.08,0.0,0.0
2025-05-03 04:27:21.075633,0.0,0.08,0.0,0.0
2025-05-03 04:27:31.047401,0.0,0.08,0.0,0.0
2025-05-03 04:27:41.175103,0.0,0.08,0.0,0.0
2025-05-03 04:27:51.033858,0.0,0.08,0.0,0.0
2025-05-03 04:28:01.022759,0.0,0.08,0.0,0.0
2025-05-03 04:28:09.055116,0.0,0.08,0.0,0.0
2025-05-03 04:28:10.614221,0.0,0.08,0.0,0.0
2025-05-03 04:28:13.716857,0.0,0.08,0.0,0.0
2025-05-03 04:28:15.005582,0.0,0.08,0.0,0.0
2025-05-03 04:28:16.712343,0.0,0.08,0.0,0.0
2025-05-03 04:28:18.031393,0.0,0.08,0.0,0.0
2025-05-03 04:28:28.029713,0.0,0.08,0.0,0.0
2025-05-03 04:28:38.013730,0.0,0.08,0.0,0.0
2025-05-03 04:28:48.011179,0.0,0.08,0.0,0.0
2025-05-03 04:28:58.003559,0.0,0.08,0.0,0.0
2025-05-03 04:30:03.134366,0.0,0.08,0.0,0.0
2025-05-03 04:30:05.098112,0.0,0.08,0.0,0.0
2025-05-03 04:30:06.443095,0.0,0.08,0.0,0.0
2025-05-03 04:30:07.626265,0.0,0.08,0.0,0.0
2025-05-03 04:30:08.042937,0.0,0.08,0.0,0.0
2025-05-03 04:30:08.187199,0.0,0.08,0.0,0.0
2025-05-03 04:30:08.397630,0.0,0.08,0.0,0.0
2025-05-03 04:30:08.555272,0.0,0.08,0.0,0.0
2025-05-03 04:30:08.778670,0.0,0.08,0.0,0.0
2025-05-03 04:30:08.905240,0.0,0.08,0.0,0.0
2025-05-03 04:30:18.908616,0.0,0.08,0.0,0.0
2025-05-03 04:30:29.036143,0.0,0.08,0.0,0.0
2025-05-03 04:30:39.034798,0.0,0.08,0.0,0.0
2025-05-03 04:30:49.025462,0.0,0.08,0.0,0.0
2025-05-03 04:30:59.005707,0.0,0.08,0.0,0.0
2025-05-03 04:31:09.051263,0.0,0.08,0.0,0.0
2025-05-03 04:31:19.055142,0.0,0.08,0.0,0.0
2025-05-03 04:31:32.569222,0.0,0.08,0.0,0.0
2025-05-03 04:31:37.255137,0.0,0.08,0.0,0.0
2025-05-03 04:31:38.343335,0.0,0.08,0.0,0.0
2025-05-03 04:31:39.467627,0.0,0.08,0.0,0.0
2025-05-03 04:31:50.025790,0.0,0.08,0.0,0.0
2025-05-03 04:32:00.043775,0.0,0.08,0.0,0.0
2025-05-03 04:32:10.048455,0.0,0.08,0.0,0.0
2025-05-03 04:32:20.030172,0.0,0.08,0.0,0.0
2025-05-03 04:32:30.023702,0.0,0.08,0.0,0.0
2025-05-03 04:32:40.062175,0.0,0.08,0.0,0.0
2025-05-03 04:32:49.430490,0.0,0.08,0.0,0.0
2025-05-03 04:32:51.005585,0.0,0.08,0.0,0.0
2025-05-03 04:32:54.784022,0.0,0.08,0.0,0.0
2025-05-03 04:32:56.887429,0.0,0.08,0.0,0.0
2025-05-03 04:32:57.900868,0.0,0.08,0.0,0.0
2025-05-03 04:33:08.047911,0.0,0.08,0.0,0.0
2025-05-03 04:38:06.533786,0.0,0.08,0.0,0.0
2025-05-03 04:38:09.039527,0.0,0.08,0.0,0.0
2025-05-03 04:38:16.355725,0.0,0.08,0.0,0.0
2025-05-03 04:38:26.462597,0.0,0.08,0.0,0.0
2025-05-03 04:38:36.668881,0.0,0.08,0.0,0.0
2025-05-03 04:38:46.369229,0.0,0.08,0.0,0.0
2025-05-03 04:38:56.367245,0.0,0.08,0.0,0.0
2025-05-03 04:39:06.379624,0.0,0.08,0.0,0.0
2025-05-03 05:17:57.013886,0.0,0.08,0.0,1.0
2025-05-03 05:18:06.836032,0.0,0.08,0.0,1.0
2025-05-03 05:18:12.730965,0.0,0.08,0.0,1.0
2025-05-03 05:18:16.824299,0.0,0.08,0.0,1.0
2025-05-03 05:18:26.847723,0.0,0.08,0.0,0.0
2025-05-03 05:18:36.849845,0.0,0.08,0.0,0.0
2025-05-03 05:18:46.840991,0.0,0.08,0.0,0.0
2025-05-03 05:18:56.850437,0.0,0.08,0.0,0.0
2025-05-03 05:19:06.857523,0.0,0.08,0.0,0.0
2025-05-03 05:19:16.931377,0.0,0.08,0.0,0.0
2025-05-03 05:19:26.943965,0.0,0.08,0.0,0.0
2025-05-03 05:19:36.827674,0.0,0.08,0.0,0.0
2025-05-03 05:37:57.123980,0.0,0.08,0.0,0.0
2025-05-03 05:38:00.507887,0.0,0.08,0.0,0.0
2025-05-03 05:38:06.927589,0.0,0.08,0.0,0.0
2025-05-03 05:38:16.940353,0.0,0.08,0.0,0.0
2025-05-03 05:38:26.916026,0.0,0.08,0.0,0.0
2025-05-03 05:38:36.933526,0.0,0.08,0.0,0.0
2025-05-03 05:38:46.908172,0.0,0.08,0.0,0.0
2025-05-03 05:38:56.958436,0.0,0.08,0.0,0.0
2025-05-03 05:39:06.940542,0.0,0.08,0.0,0.0
2025-05-03 05:39:16.965984,0.0,0.08,0.0,0.0
2025-05-03 05:39:26.957704,0.0,0.08,0.0,0.0
2025-05-03 05:39:36.931162,0.0,0.08,0.0,0.0
2025-05-03 05:39:46.977267,0.0,0.08,0.0,0.0
2025-05-03 05:39:56.936744,0.0,0.08,0.0,0.0
2025-05-03 05:40:06.939981,0.0,0.08,0.0,0.0
2025-05-03 05:40:16.987004,0.0,0.08,0.0,0.0
2025-05-03 05:40:26.986703,0.0,0.08,0.0,0.0
2025-05-03 05:40:37.605512,0.0,0.08,0.0,0.0
2025-05-03 05:40:46.966176,0.0,0.08,0.0,0.0
2025-05-03 05:40:56.933432,0.0,0.08,0.0,0.0
2025-05-03 05:41:06.918965,0.0,0.08,0.0,0.0
2025-05-03 05:41:16.949758,0.0,0.08,0.0,0.0
2025-05-03 05:41:27.018901,0.0,0.08,0.0,0.0
2025-05-03 05:41:36.946317,0.0,0.08,0.0,0.0
2025-05-03 05:41:47.231859,0.0,0.08,0.0,0.0
2025-05-03 05:41:56.980074,0.0,0.08,0.0,0.0
2025-05-03 05:42:06.958507,0.0,0.08,0.0,0.0
2025-05-03 05:42:16.942689,0.0,0.08,0.0,0.0
2025-05-03 05:42:26.907975,0.0,0.08,0.0,0.0
2025-05-03 05:42:36.916156,0.0,0.08,0.0,0.0
2025-05-03 05:42:46.942082,0.0,0.08,0.0,0.0
2025-05-03 05:42:56.965787,0.0,0.08,0.0,0.0
2025-05-03 05:43:06.964380,0.0,0.08,0.0,0.0
2025-05-03 05:43:16.915973,0.0,0.08,0.0,0.0
2025-05-03 05:43:26.955699,0.0,0.08,0.0,0.0
2025-05-03 05:43:36.925052,0.0,0.08,0.0,0.0
2025-05-03 05:43:46.983209,0.0,0.08,0.0,0.0
2025-05-03 05:43:56.949950,0.0,0.08,0.0,0.0
2025-05-03 05:44:06.962725,0.0,0.08,0.0,0.0
2025-05-03 05:44:16.965661,0.0,0.08,0.0,0.0
2025-05-03 05:44:26.956079,0.0,0.08,0.0,0.0
2025-05-03 05:44:36.941837,0.0,0.08,0.0,0.0
2025-05-03 05:44:47.016366,0.0,0.08,0.0,0.0
2025-05-03 05:44:57.002652,0.0,0.08,0.0,0.0
2025-05-03 05:45:06.936985,0.0,0.08,0.0,0.0
2025-05-03 05:45:17.022933,0.0,0.08,0.0,0.0
2025-05-03 05:45:26.941560,0.0,0.08,0.0,0.0
2025-05-03 05:45:36.953174,0.0,0.08,0.0,0.0
2025-05-03 05:45:46.921544,0.0,0.08,0.0,0.0
2025-05-03 05:45:57.093820,0.0,0.08,0.0,0.0
2025-05-03 05:46:06.954091,0.0,0.08,0.0,0.0
2025-05-03 05:46:16.989203,0.0,0.08,0.0,0.0
2025-05-03 05:46:26.939423,0.0,0.08,0.0,0.0
2025-05-03 05:46:36.949695,0.0,0.08,0.0,0.0
2025-05-03 05:46:46.964043,0.0,0.08,0.0,0.0
2025-05-03 05:46:57.096334,0.0,0.08,0.0,0.0
2025-05-03 05:47:07.047927,0.0,0.08,0.0,0.0
2025-05-03 05:47:17.096960,0.0,0.08,0.0,0.0
2025-05-03 05:47:27.071533,0.0,0.08,0.0,0.0
2025-05-03 05:47:37.145961,0.0,0.08,0.0,0.0
2025-05-03 05:47:47.036260,0.0,0.08,0.0,0.0
2025-05-03 05:47:51.046214,0.0,0.08,0.0,0.0
2025-05-03 05:48:00.976813,0.0,0.08,0.0,0.0
2025-05-03 05:48:10.986990,0.0,0.08,0.0,0.0
2025-05-03 05:48:20.978662,0.0,0.08,0.0,0.0
2025-05-03 05:48:30.957850,0.0,0.08,0.0,0.0
2025-05-03 05:48:40.955628,0.0,0.08,0.0,0.0
2025-05-03 05:48:50.955505,0.0,0.08,0.0,0.0
2025-05-03 05:49:00.967006,0.0,0.08,0.0,0.0
2025-05-03 05:49:10.941294,0.0,0.08,0.0,0.0
2025-05-03 05:49:20.936420,0.0,0.08,0.0,0.0
2025-05-03 05:49:30.946436,0.0,0.08,0.0,0.0
2025-05-03 05:49:41.225225,0.0,0.08,0.0,0.0
2025-05-03 05:49:50.949484,0.0,0.08,0.0,0.0
2025-05-03 05:50:00.965974,0.0,0.08,0.0,0.0
2025-05-03 05:50:10.951385,0.0,0.08,0.0,0.0
2025-05-03 05:50:20.969908,0.0,0.08,0.0,0.0
2025-05-03 05:50:30.965694,0.0,0.08,0.0,0.0
2025-05-03 05:50:40.959810,0.0,0.08,0.0,0.0
2025-05-03 05:50:50.969276,0.0,0.08,0.0,0.0
2025-05-03 05:51:00.952451,0.0,0.08,0.0,0.0
2025-05-03 05:51:11.005965,0.0,0.08,0.0,0.0
2025-05-03 05:51:20.955395,0.0,0.08,0.0,0.0
2025-05-03 05:51:30.956262,0.0,0.08,0.0,0.0
2025-05-03 05:51:40.987443,0.0,0.08,0.0,0.0
2025-05-03 05:51:50.953219,0.0,0.08,0.0,0.0
2025-05-03 05:52:00.963722,0.0,0.08,0.0,0.0
2025-05-03 05:52:10.955572,0.0,0.08,0.0,0.0
2025-05-03 05:52:20.983834,0.0,0.08,0.0,0.0
2025-05-03 05:52:30.959196,0.0,0.08,0.0,0.0
2025-05-03 05:52:41.027723,0.0,0.08,0.0,0.0
2025-05-03 05:52:50.991992,0.0,0.08,0.0,0.0
2025-05-03 05:53:00.963579,0.0,0.08,0.0,0.0
2025-05-03 05:53:10.960742,0.0,0.08,0.0,0.0
2025-05-03 05:53:20.966454,0.0,0.08,0.0,0.0
2025-05-03 05:53:30.953075,0.0,0.08,0.0,0.0
2025-05-03 05:53:41.000113,0.0,0.08,0.0,0.0
2025-05-03 05:53:50.980801,0.0,0.08,0.0,0.0
2025-05-03 05:54:00.988867,0.0,0.08,0.0,0.0
2025-05-03 05:54:10.966809,0.0,0.08,0.0,0.0
2025-05-03 05:54:20.937550,0.0,0.08,0.0,0.0
2025-05-03 05:54:30.936452,0.0,0.08,0.0,0.0
2025-05-03 05:54:40.956208,0.0,0.08,0.0,0.0
2025-05-03 05:54:50.968813,0.0,0.08,0.0,0.0
2025-05-03 05:55:00.941148,0.0,0.08,0.0,0.0
2025-05-03 05:55:11.466130,0.0,0.08,0.0,0.0
2025-05-03 05:55:20.941469,0.0,0.08,0.0,0.0
2025-05-03 05:55:30.946248,0.0,0.08,0.0,0.0
2025-05-03 05:55:40.983591,0.0,0.08,0.0,0.0
2025-05-03 05:55:51.374627,0.0,0.08,0.0,0.0
2025-05-03 05:56:01.053232,0.0,0.08,0.0,0.0
2025-05-03 05:56:11.066676,0.0,0.08,0.0,0.0
2025-05-03 05:56:21.051317,0.0,0.08,0.0,0.0
2025-05-03 05:56:31.066993,0.0,0.08,0.0,0.0
2025-05-03 05:56:40.949390,0.0,0.08,0.0,0.0
2025-05-03 05:56:50.957792,0.0,0.08,0.0,0.0
2025-05-03 05:57:00.916274,0.0,0.08,0.0,0.0
2025-05-03 05:57:10.942744,0.0,0.08,0.0,0.0
2025-05-03 05:57:20.941581,0.0,0.08,0.0,0.0
2025-05-03 05:57:30.947029,0.0,0.08,0.0,0.0
2025-05-03 05:57:40.932435,0.0,0.08,0.0,0.0
2025-05-03 05:57:50.951297,0.0,0.08,0.0,0.0
2025-05-03 05:58:00.957774,0.0,0.08,0.0,0.0
2025-05-03 05:58:10.950148,0.0,0.08,0.0,0.0
2025-05-03 05:58:20.949930,0.0,0.08,0.0,0.0
2025-05-03 05:58:30.941786,0.0,0.08,0.0,0.0
2025-05-03 05:58:40.946044,0.0,0.08,0.0,0.0
2025-05-03 05:58:50.958203,0.0,0.08,0.0,0.0
2025-05-03 05:59:00.942060,0.0,0.08,0.0,0.0
2025-05-03 05:59:10.953974,0.0,0.08,0.0,0.0
2025-05-03 05:59:20.949663,0.0,0.08,0.0,0.0
2025-05-03 05:59:30.958357,0.0,0.08,0.0,0.0
2025-05-03 05:59:40.955646,0.0,0.08,0.0,0.0
2025-05-03 05:59:50.956016,0.0,0.08,0.0,0.0
2025-05-03 06:00:00.940769,0.0,0.08,0.0,0.0
2025-05-03 06:00:10.963981,0.0,0.08,0.0,0.0
2025-05-03 06:00:20.938109,0.0,0.08,0.0,0.0
2025-05-03 06:00:30.946193,0.0,0.08,0.0,0.0
2025-05-03 06:00:40.957934,0.0,0.08,0.0,0.0
2025-05-03 06:00:50.955401,0.0,0.08,0.0,0.0
2025-05-03 06:01:00.949316,0.0,0.08,0.0,0.0
2025-05-03 06:01:10.938346,0.0,0.08,0.0,0.0
2025-05-03 06:01:20.933291,0.0,0.08,0.0,0.0
2025-05-03 06:01:30.977197,0.0,0.08,0.0,0.0
2025-05-03 06:01:40.940925,0.0,0.08,0.0,0.0
2025-05-03 06:01:50.932956,0.0,0.08,0.0,0.0
2025-05-03 06:03:50.499681,0.0,0.08,0.0,0.0
2025-05-03 06:04:00.988428,0.0,0.08,0.0,0.0
2025-05-03 06:04:11.002920,0.0,0.08,0.0,0.0
2025-05-03 06:04:20.990088,0.0,0.08,0.0,0.0
2025-05-03 06:04:30.987710,0.0,0.08,0.0,0.0
2025-05-03 06:04:41.035083,0.0,0.08,0.0,0.0
2025-05-03 06:04:50.996833,0.0,0.08,0.0,0.0
2025-05-03 06:05:40.023533,0.0,0.08,0.0,0.0
2025-05-03 06:06:15.590449,0.0,0.08,0.0,0.0
2025-05-03 06:06:17.640703,0.0,0.08,0.0,0.0
2025-05-03 06:06:27.655529,0.0,0.08,0.0,0.0
2025-05-03 06:06:37.665893,0.0,0.08,0.0,0.0
2025-05-03 06:06:47.636483,0.0,0.08,0.0,0.0
2025-05-03 06:06:57.651499,0.0,0.08,0.0,0.0
2025-05-03 06:07:07.640226,0.0,0.08,0.0,0.0
2025-05-03 06:07:17.633930,0.0,0.08,0.0,0.0
2025-05-03 06:07:27.691616,0.0,0.08,0.0,0.0
2025-05-03 06:07:37.637089,0.0,0.08,0.0,0.0
2025-05-03 06:07:47.666003,0.0,0.08,0.0,0.0
2025-05-03 06:07:57.633680,0.0,0.08,0.0,0.0
2025-05-03 06:08:05.483291,0.0,0.08,0.0,0.0
2025-05-03 06:10:35.389915,0.0,0.08,0.0,0.0
